t,x,y,z,roll,pitch,yaw,valid
0.0,-0.163245,-0.024771,-1.645671,1.262334,-14.170135,-1.413513,0
0.033333,-0.163245,-0.024771,-1.645671,1.262334,-14.170135,-1.413513,0
0.066667,-0.163245,-0.024771,-1.645671,1.262334,-14.170135,-1.413513,0
0.1,-0.163245,-0.024771,-1.645671,1.262334,-14.170135,-1.413513,0
0.133333,-0.163245,-0.024771,-1.645671,1.262334,-14.170135,-1.413513,0
0.166667,-0.163245,-0.024771,-1.645671,1.262334,-14.170135,-1.413513,0
0.2,-0.163245,-0.024771,-1.645671,1.262334,-14.170135,-1.413513,0
0.233333,-0.163245,-0.024771,-1.645671,1.262334,-14.170135,-1.413513,0
0.266667,-0.163245,-0.024771,-1.645671,1.262334,-14.170135,-1.413513,0
0.3,-0.163245,-0.024771,-1.645671,1.262334,-14.170135,-1.413513,0
0.333333,-0.163245,-0.024771,-1.645671,1.262334,-14.170135,-1.413513,0
0.366667,-0.163245,-0.024771,-1.645671,1.262334,-14.170135,-1.413513,0
0.4,-0.171217,-0.028207,-1.646676,1.108978,-14.161468,-1.316559,0
0.433333,-0.196071,-0.04002,-1.648835,0.571518,-14.130404,-0.899933,0
0.466667,-0.196071,-0.04002,-1.648835,0.571518,-14.130404,-0.899933,0
0.5,-0.276127,-0.074361,-1.649948,0.321668,-14.512696,0.764134,0
0.533333,-0.276127,-0.074361,-1.649948,0.321668,-14.512696,0.764134,0
0.566667,-0.330839,-0.097243,-1.650915,0.61766,-15.439724,1.915065,0
0.6,-0.330839,-0.097243,-1.650915,0.61766,-15.439724,1.915065,0
0.633333,-0.392052,-0.122676,-1.654298,0.977482,-17.489744,3.734549,0
0.666667,-0.392052,-0.122676,-1.654298,0.977482,-17.489744,3.734549,0
0.7,-0.437495,-0.14076,-1.660478,1.618334,-18.422241,4.461792,0
0.733334,-0.488682,-0.158775,-1.671268,2.570587,-19.208281,5.280062,0
0.766667,-0.488682,-0.158775,-1.671268,2.570587,-19.208281,5.280062,0
0.8,-0.524731,-0.170327,-1.683649,2.437455,-19.395695,6.23735,0
0.833334,-0.524731,-0.170327,-1.683649,2.437455,-19.395695,6.23735,0
0.866667,-0.554026,-0.17846,-1.697953,1.213631,-19.173584,7.772005,0
0.9,-0.554026,-0.17846,-1.697953,1.213631,-19.173584,7.772005,0
0.933334,-0.583648,-0.184139,-1.711491,1.693586,-19.327446,8.752857,0
0.966667,-0.583648,-0.184139,-1.711491,1.693586,-19.327446,8.752857,0
1.0,-0.605447,-0.186973,-1.723198,1.692539,-18.904234,9.384872,0
1.033334,-0.605447,-0.186973,-1.723198,1.692539,-18.904234,9.384872,0
1.066667,-0.626405,-0.189465,-1.737333,0.790603,-17.360291,9.38252,0
1.1,-0.641398,-0.188227,-1.746603,0.584285,-16.071524,9.380553,0
1.133334,-0.641398,-0.188227,-1.746603,0.584285,-16.071524,9.380553,0
1.166667,-0.65674,-0.184116,-1.754207,0.164056,-15.054958,9.194093,0
1.2,-0.65674,-0.184116,-1.754207,0.164056,-15.054958,9.194093,0
1.233333,-0.666778,-0.179509,-1.75621,0.254558,-16.106781,8.935987,0
1.266667,-0.666778,-0.179509,-1.75621,0.254558,-16.106781,8.935987,0
1.3,-0.671141,-0.171632,-1.754547,0.397277,-18.236359,8.725425,0
1.333333,-0.671141,-0.171632,-1.754547,0.397277,-18.236359,8.725425,0
1.366667,-0.673549,-0.165956,-1.753171,1.375919,-18.720093,8.205575,0
1.4,-0.679919,-0.158919,-1.752644,2.1994,-18.741539,8.524216,0
1.433333,-0.679919,-0.158919,-1.752644,2.1994,-18.741539,8.524216,0
1.466667,-0.684404,-0.154786,-1.754518,2.24895,-15.509392,8.485978,0
1.5,-0.684404,-0.154786,-1.754518,2.24895,-15.509392,8.485978,0
1.533333,-0.68785,-0.152104,-1.755704,1.927917,-12.483611,8.961737,0
1.566666,-0.68785,-0.152104,-1.755704,1.927917,-12.483611,8.961737,0
1.6,-0.691385,-0.150427,-1.754069,1.845046,-10.414918,8.974614,0
1.633333,-0.696032,-0.149572,-1.748585,1.314369,-9.124846,8.974872,0
1.666666,-0.696032,-0.149572,-1.748585,1.314369,-9.124846,8.974872,0
1.7,-0.696998,-0.149546,-1.747154,1.246166,-8.983003,8.898006,0
1.733333,-0.696998,-0.149546,-1.747154,1.246166,-8.983003,8.898006,0
1.766666,-0.699003,-0.150007,-1.746984,1.588004,-9.218194,8.647286,0
1.8,-0.699003,-0.150007,-1.746984,1.588004,-9.218194,8.647286,0
1.833333,-0.702287,-0.151091,-1.745764,1.935599,-9.50125,8.392468,0
1.866666,-0.702287,-0.151091,-1.745764,1.935599,-9.50125,8.392468,0
1.899999,-0.706013,-0.153029,-1.74093,2.554359,-11.171538,8.040392,0
1.933333,-0.707394,-0.153733,-1.737272,2.644222,-12.807465,8.030004,0
1.966666,-0.707394,-0.153733,-1.737272,2.644222,-12.807465,8.030004,0
1.999999,-0.708959,-0.154605,-1.727735,2.939985,-16.352476,7.937964,0
2.033333,-0.708959,-0.154605,-1.727735,2.939985,-16.352476,7.937964,0
2.066666,-0.712767,-0.155814,-1.715668,3.413315,-21.015924,7.942465,0
2.099999,-0.712767,-0.155814,-1.715668,3.413315,-21.015924,7.942465,0
2.166666,-0.724153,-0.157651,-1.701641,3.060103,-27.262753,8.390434,0
2.199999,-0.724153,-0.157651,-1.701641,3.060103,-27.262753,8.390434,0
2.233333,-0.729058,-0.159651,-1.69662,3.087117,-29.403553,8.526133,0
2.266666,-0.729058,-0.159651,-1.69662,3.087117,-29.403553,8.526133,0
2.299999,-0.733379,-0.16166,-1.69398,2.913143,-30.752535,8.812847,0
2.333333,-0.733379,-0.16166,-1.69398,2.913143,-30.752535,8.812847,0
2.366666,-0.736431,-0.163071,-1.69229,2.496038,-31.480736,9.031345,0
2.399999,-0.737552,-0.163479,-1.691696,2.185323,-31.565458,8.891925,0
2.433332,-0.737552,-0.163479,-1.691696,2.185323,-31.565458,8.891925,0
2.466666,-0.738289,-0.163747,-1.691287,1.36498,-29.348816,8.011086,0
2.499999,-0.738289,-0.163747,-1.691287,1.36498,-29.348816,8.011086,0
2.533332,-0.737213,-0.163941,-1.691667,1.10264,-28.325129,7.525731,0
2.566666,-0.737213,-0.163941,-1.691667,1.10264,-28.325129,7.525731,0
2.599999,-0.734455,-0.162614,-1.693165,0.575535,-27.7395,7.610013,0
2.666666,-0.733161,-0.162538,-1.693301,0.299475,-27.841612,7.68076,0
2.699999,-0.728931,-0.161709,-1.693836,-0.300476,-27.510162,7.378499,0
2.733332,-0.728931,-0.161709,-1.693836,-0.300476,-27.510162,7.378499,0
2.766665,-0.72421,-0.161058,-1.693484,-1.023682,-27.945738,6.37189,0
2.799999,-0.72421,-0.161058,-1.693484,-1.023682,-27.945738,6.37189,0
2.833332,-0.71577,-0.159807,-1.696546,-1.486572,-27.10693,6.324094,0
2.866665,-0.71577,-0.159807,-1.696546,-1.486572,-27.10693,6.324094,0
2.899999,-0.705783,-0.158737,-1.701894,-1.259827,-26.317469,5.8026,0
2.933332,-0.7003,-0.158073,-1.705176,-0.859711,-26.134119,6.059192,0
2.999999,-0.690622,-0.156831,-1.714554,-0.154327,-31.300741,5.609637,0
3.033332,-0.690622,-0.156831,-1.714554,-0.154327,-31.300741,5.609637,0
3.066665,-0.683261,-0.15493,-1.725644,-0.531921,-34.560947,5.8712,0
3.099998,-0.683261,-0.15493,-1.725644,-0.531921,-34.560947,5.8712,0
3.133332,-0.680371,-0.153653,-1.736118,0.05067,-38.507591,5.569499,0
3.166665,-0.680284,-0.152482,-1.739887,0.103502,-36.071251,5.643224,0
3.199998,-0.680284,-0.152482,-1.739887,0.103502,-36.071251,5.643224,0
3.233332,-0.681216,-0.151215,-1.746181,0.64789,-36.927273,4.585353,0
3.266665,-0.681216,-0.151215,-1.746181,0.64789,-36.927273,4.585353,0
3.299998,-0.681783,-0.148084,-1.750459,0.621083,-40.736427,4.378541,0
3.333332,-0.681783,-0.148084,-1.750459,0.621083,-40.736427,4.378541,0
3.366665,-0.679319,-0.143759,-1.752985,0.105073,-46.449692,5.885769,0
3.399998,-0.677608,-0.141505,-1.754381,-0.430572,-49.113216,7.010372,0
3.433331,-0.677608,-0.141505,-1.754381,-0.430572,-49.113216,7.010372,0
3.466665,-0.672677,-0.1384,-1.756313,-0.747742,-53.894527,7.653698,0
3.499998,-0.672677,-0.1384,-1.756313,-0.747742,-53.894527,7.653698,0
3.533331,-0.6698,-0.135857,-1.757252,-1.339996,-58.776165,7.003856,0
3.566665,-0.6698,-0.135857,-1.757252,-1.339996,-58.776165,7.003856,0
3.599998,-0.669897,-0.134017,-1.756397,-1.556091,-64.179001,6.408676,0
3.633331,-0.669897,-0.134017,-1.756397,-1.556091,-64.179001,6.408676,0
3.666665,-0.671629,-0.132038,-1.754438,-0.94275,-69.036362,4.75928,0
3.699998,-0.673252,-0.131317,-1.753339,0.09356,-70.921822,3.682712,0
3.733331,-0.673252,-0.131317,-1.753339,0.09356,-70.921822,3.682712,0
3.766665,-0.674919,-0.129782,-1.751302,0.95965,-72.546738,2.612396,0
3.799998,-0.674919,-0.129782,-1.751302,0.95965,-72.546738,2.612396,0
3.833331,-0.676436,-0.128354,-1.749299,1.257449,-72.290489,1.623693,0
3.866664,-0.676436,-0.128354,-1.749299,1.257449,-72.290489,1.623693,0
3.899998,-0.678443,-0.127008,-1.749021,0.065007,-71.636276,2.633568,0
3.933331,-0.678443,-0.127008,-1.749021,0.065007,-71.636276,2.633568,0
3.966664,-0.682006,-0.126897,-1.749653,0.943773,-71.932022,1.788536,0
3.999998,-0.682006,-0.126897,-1.749653,0.943773,-71.932022,1.788536,0
4.033331,-0.685363,-0.125829,-1.749267,0.643456,-71.960304,1.897563,0
4.066664,-0.685363,-0.125829,-1.749267,0.643456,-71.960304,1.897563,0
4.099998,-0.687682,-0.12576,-1.749024,0.809414,-71.72377,1.762621,0
4.133331,-0.687682,-0.12576,-1.749024,0.809414,-71.72377,1.762621,0
4.166664,-0.689539,-0.126164,-1.748286,1.755035,-71.414024,0.654647,0
4.199997,-0.691004,-0.126681,-1.747783,1.781776,-71.251328,0.676603,0
4.233331,-0.691004,-0.126681,-1.747783,1.781776,-71.251328,0.676603,0
4.266664,-0.691762,-0.1267,-1.747835,1.502981,-71.325951,0.898114,0
4.299997,-0.691762,-0.1267,-1.747835,1.502981,-71.325951,0.898114,0
4.333331,-0.692904,-0.127208,-1.747701,1.164411,-71.470634,1.281334,0
4.366664,-0.692904,-0.127208,-1.747701,1.164411,-71.470634,1.281334,0
4.399997,-0.69356,-0.127803,-1.747736,1.220659,-71.364807,1.445386,0
4.433331,-0.69356,-0.127803,-1.747736,1.220659,-71.364807,1.445386,0
4.53333,-0.694887,-0.127311,-1.745902,0.641641,-70.810928,2.353382,0
4.566664,-0.694887,-0.127311,-1.745902,0.641641,-70.810928,2.353382,0
4.599997,-0.694821,-0.126101,-1.743414,0.834703,-70.198242,1.806708,0
4.63333,-0.694821,-0.126101,-1.743414,0.834703,-70.198242,1.806708,0
4.666664,-0.695621,-0.122099,-1.738676,0.011723,-69.821991,2.808413,0
4.699997,-0.695621,-0.122099,-1.738676,0.011723,-69.821991,2.808413,0
4.73333,-0.697784,-0.114534,-1.732381,-2.434633,-69.67231,4.787055,0
4.766664,-0.701601,-0.105696,-1.725283,-5.344974,-68.696808,7.639361,0
4.799997,-0.701601,-0.105696,-1.725283,-5.344974,-68.696808,7.639361,0
4.83333,-0.705081,-0.100759,-1.721233,-7.117011,-67.557304,9.409795,0
4.866663,-0.705081,-0.100759,-1.721233,-7.117011,-67.557304,9.409795,0
4.899997,-0.710539,-0.093858,-1.712493,-8.541514,-65.132538,8.884234,0
4.93333,-0.710539,-0.093858,-1.712493,-8.541514,-65.132538,8.884234,0
4.966663,-0.720417,-0.089965,-1.703966,-9.728922,-63.109898,8.301707,0
4.999997,-0.720417,-0.089965,-1.703966,-9.728922,-63.109898,8.301707,0
5.03333,-0.733681,-0.089851,-1.692448,-8.804604,-63.150097,5.697334,0
5.066663,-0.733681,-0.089851,-1.692448,-8.804604,-63.150097,5.697334,0
5.099997,-0.751036,-0.092752,-1.683347,-10.981032,-63.382526,7.237872,0
5.13333,-0.751036,-0.092752,-1.683347,-10.981032,-63.382526,7.237872,0
5.166663,-0.771792,-0.10197,-1.674766,-13.690052,-63.777832,8.617466,0
5.199996,-0.796008,-0.115316,-1.664628,-15.064627,-62.294102,8.446408,0
5.23333,-0.796008,-0.115316,-1.664628,-15.064627,-62.294102,8.446408,0
5.266663,-0.809389,-0.123482,-1.658691,-13.913042,-61.274368,6.701618,0
5.299996,-0.809389,-0.123482,-1.658691,-13.913042,-61.274368,6.701618,0
5.33333,-0.839783,-0.138682,-1.645915,-12.437549,-59.348072,3.845882,0
5.366663,-0.839783,-0.138682,-1.645915,-12.437549,-59.348072,3.845882,0
5.399996,-0.871733,-0.1505,-1.63373,-14.616355,-58.397949,3.612056,0
5.43333,-0.871733,-0.1505,-1.63373,-14.616355,-58.397949,3.612056,0
5.466663,-0.907076,-0.160099,-1.620916,-16.002493,-58.701908,3.710451,0
5.499996,-0.907076,-0.160099,-1.620916,-16.002493,-58.701908,3.710451,0
5.533329,-0.943339,-0.168846,-1.608065,-16.927353,-58.33049,3.80221,0
5.566663,-0.979814,-0.175425,-1.59524,-18.34046,-57.434635,4.508594,0
5.599996,-0.979814,-0.175425,-1.59524,-18.34046,-57.434635,4.508594,0
5.633329,-0.998517,-0.178645,-1.589809,-20.046501,-56.758453,5.610076,0
5.666663,-0.998517,-0.178645,-1.589809,-20.046501,-56.758453,5.610076,0
5.699996,-1.033755,-0.185236,-1.578856,-23.174326,-55.896759,7.009978,0
5.733329,-1.033755,-0.185236,-1.578856,-23.174326,-55.896759,7.009978,0
5.766663,-1.06793,-0.191894,-1.565769,-26.107986,-56.000584,8.19747,0
5.799996,-1.06793,-0.191894,-1.565769,-26.107986,-56.000584,8.19747,0
5.833329,-1.098237,-0.194973,-1.553004,-28.38488,-56.399586,8.659419,0
5.866663,-1.098237,-0.194973,-1.553004,-28.38488,-56.399586,8.659419,0
5.899996,-1.123998,-0.193713,-1.540593,-28.953058,-55.614071,7.415791,0
5.933329,-1.145019,-0.188831,-1.529876,-26.510477,-53.480888,5.033824,0
5.966662,-1.145019,-0.188831,-1.529876,-26.510477,-53.480888,5.033824,0
5.999996,-1.154297,-0.186111,-1.525973,-24.722383,-52.153152,2.737378,0
6.033329,-1.154297,-0.186111,-1.525973,-24.722383,-52.153152,2.737378,0
6.066662,-1.174801,-0.177158,-1.515639,-25.537058,-51.145931,1.025302,0
6.099996,-1.174801,-0.177158,-1.515639,-25.537058,-51.145931,1.025302,0
6.133329,-1.192629,-0.1681,-1.505884,-25.357555,-50.500423,-0.102141,0
6.166662,-1.192629,-0.1681,-1.505884,-25.357555,-50.500423,-0.102141,0
6.199996,-1.207201,-0.159617,-1.494076,-22.11821,-48.354492,-2.450166,0
6.233329,-1.219104,-0.15178,-1.477498,-18.543005,-43.29483,-4.574281,0
6.299995,-1.226092,-0.146829,-1.468977,-17.040174,-41.000484,-5.485904,0
6.333329,-1.226092,-0.146829,-1.468977,-17.040174,-41.000484,-5.485904,0
6.366662,-1.243988,-0.139081,-1.451284,-15.038958,-38.155243,-7.402932,0
6.399995,-1.243988,-0.139081,-1.451284,-15.038958,-38.155243,-7.402932,0
6.433329,-1.261645,-0.133234,-1.432091,-12.995563,-36.74752,-9.152326,0
6.466662,-1.261645,-0.133234,-1.432091,-12.995563,-36.74752,-9.152326,0
6.499995,-1.279035,-0.127427,-1.407799,-13.200428,-36.770966,-9.013106,0
6.533329,-1.286612,-0.124943,-1.395348,-13.369527,-36.736813,-8.898356,0
6.566662,-1.286612,-0.124943,-1.395348,-13.369527,-36.736813,-8.898356,0
6.599995,-1.302067,-0.122234,-1.368232,-14.494984,-35.337616,-7.935799,0
6.633328,-1.302067,-0.122234,-1.368232,-14.494984,-35.337616,-7.935799,0
6.666662,-1.317107,-0.123455,-1.341568,-14.365835,-32.045654,-8.280498,0
6.699995,-1.317107,-0.123455,-1.341568,-14.365835,-32.045654,-8.280498,0
6.733328,-1.332863,-0.126164,-1.31615,-13.882372,-28.536747,-9.075635,0
6.766662,-1.342004,-0.126865,-1.303957,-13.615376,-27.168941,-9.622297,0
6.799995,-1.342004,-0.126865,-1.303957,-13.615376,-27.168941,-9.622297,0
6.833328,-1.361437,-0.130959,-1.280607,-11.881092,-26.812323,-9.741804,0
6.866662,-1.361437,-0.130959,-1.280607,-11.881092,-26.812323,-9.741804,0
6.899995,-1.377023,-0.132071,-1.260285,-14.032367,-28.375971,-7.711921,0
6.933328,-1.377023,-0.132071,-1.260285,-14.032367,-28.375971,-7.711921,0
6.966661,-1.394516,-0.132814,-1.239975,-20.054012,-31.676052,-2.714966,0
6.999995,-1.409917,-0.133463,-1.217971,-21.775713,-32.162231,-0.68274,0
7.033328,-1.409917,-0.133463,-1.217971,-21.775713,-32.162231,-0.68274,0
7.066661,-1.416536,-0.133549,-1.205562,-21.147787,-31.26523,-0.479828,0
7.099995,-1.416536,-0.133549,-1.205562,-21.147787,-31.26523,-0.479828,0
7.133328,-1.432059,-0.129645,-1.179392,-19.675047,-28.404659,-0.009063,0
7.166661,-1.432059,-0.129645,-1.179392,-19.675047,-28.404659,-0.009063,0
7.199995,-1.447756,-0.11962,-1.152173,-17.713388,-26.616119,0.012852,0
7.233328,-1.447756,-0.11962,-1.152173,-17.713388,-26.616119,0.012852,0
7.266661,-1.459077,-0.106106,-1.127733,-18.21311,-26.577173,0.102598,0
7.299994,-1.462446,-0.098651,-1.117694,-18.764349,-26.973358,-0.960419,0
7.333328,-1.462446,-0.098651,-1.117694,-18.764349,-26.973358,-0.960419,0
7.366661,-1.465653,-0.079803,-1.101244,-19.463074,-27.379091,-2.778444,0
7.399994,-1.465653,-0.079803,-1.101244,-19.463074,-27.379091,-2.778444,0
7.433328,-1.468531,-0.057216,-1.086657,-17.852028,-28.509214,-4.541474,0
7.466661,-1.468531,-0.057216,-1.086657,-17.852028,-28.509214,-4.541474,0
7.533328,-1.472415,-0.018267,-1.054914,-17.616678,-27.377405,-8.156625,0
7.566661,-1.472415,-0.018267,-1.054914,-17.616678,-27.377405,-8.156625,0
7.599994,-1.473795,-0.009354,-1.045673,-17.409529,-26.181793,-9.043285,0
7.633327,-1.473795,-0.009354,-1.045673,-17.409529,-26.181793,-9.043285,0
7.666661,-1.47999,0.009673,-1.026072,-15.777545,-24.490749,-9.415602,0
7.699994,-1.47999,0.009673,-1.026072,-15.777545,-24.490749,-9.415602,0
7.733327,-1.48665,0.0285,-1.007163,-14.858812,-24.298615,-9.787794,0
7.766661,-1.48665,0.0285,-1.007163,-14.858812,-24.298615,-9.787794,0
7.799994,-1.606332,0.064307,-0.963269,-16.094412,-23.096584,-10.116318,0
7.833327,-1.694617,0.086371,-0.936224,-16.163315,-22.321707,-10.83687,0
7.866661,-1.694617,0.086371,-0.936224,-16.163315,-22.321707,-10.83687,0
7.899994,-1.966625,0.147053,-0.859801,-14.225606,-19.41333,-11.816914,0
7.933327,-1.966625,0.147053,-0.859801,-14.225606,-19.41333,-11.816914,0
7.96666,-1.999066,0.16861,-0.8473,-13.910542,-20.860018,-12.538564,0
7.999994,-1.999066,0.16861,-0.8473,-13.910542,-20.860018,-12.538564,0
8.099995,-1.959902,0.198865,-0.859641,-14.637315,-24.620241,-12.419119,0
8.133328,-1.967639,0.212756,-0.861798,-14.358329,-24.192986,-12.564776,0
8.166662,-1.967639,0.212756,-0.861798,-14.358329,-24.192986,-12.564776,0
8.199996,-1.983265,0.244255,-0.871292,-14.28734,-22.752008,-12.91985,0
8.23333,-1.983265,0.244255,-0.871292,-14.28734,-22.752008,-12.91985,0
8.333331,-1.950475,0.308009,-0.909815,-12.8308,-23.59531,-17.06752,0
8.366665,-1.922451,0.321348,-0.92169,-11.751697,-23.884336,-19.120857,0
8.399999,-1.922451,0.321348,-0.92169,-11.751697,-23.884336,-19.120857,0
8.433332,-1.845797,0.342461,-0.94517,-9.084759,-25.107235,-23.709574,0
8.466666,-1.845797,0.342461,-0.94517,-9.084759,-25.107235,-23.709574,0
8.5,-1.754759,0.359436,-0.96454,-6.634985,-27.111027,-28.459806,0
8.533334,-1.754759,0.359436,-0.96454,-6.634985,-27.111027,-28.459806,0
8.566668,-1.328218,0.278873,-1.051881,-2.407379,-33.47607,-35.672512,0
8.600001,-1.283051,0.281831,-1.058176,-1.556639,-34.270805,-37.660046,0
8.633335,-1.283051,0.281831,-1.058176,-1.556639,-34.270805,-37.660046,0
8.666669,-1.222524,0.293103,-1.066284,0.861134,-34.456844,-42.564129,0
8.700003,-1.222524,0.293103,-1.066284,0.861134,-34.456844,-42.564129,0
8.733336,-1.156883,0.303932,-1.082141,1.761682,-33.95327,-45.449875,0
8.76667,-1.156883,0.303932,-1.082141,1.761682,-33.95327,-45.449875,0
8.800004,-1.116239,0.320569,-1.091907,3.633108,-33.817444,-46.188061,0
8.833338,-1.113955,0.345467,-1.093164,4.113895,-32.267097,-46.733669,0
8.866672,-1.113955,0.345467,-1.093164,4.113895,-32.267097,-46.733669,0
8.900005,-1.115599,0.358012,-1.093338,4.110987,-31.521601,-47.117714,0
8.933339,-1.115599,0.358012,-1.093338,4.110987,-31.521601,-47.117714,0
8.966673,-1.130975,0.384027,-1.089337,5.820905,-31.04648,-48.412884,0
9.000007,-1.130975,0.384027,-1.089337,5.820905,-31.04648,-48.412884,0
9.03334,-1.164695,0.418265,-1.08044,8.551452,-30.556488,-50.66301,0
9.066674,-1.164695,0.418265,-1.08044,8.551452,-30.556488,-50.66301,0
9.100008,-1.191897,0.444468,-1.072545,10.968886,-30.897028,-54.576717,0
9.200009,-1.214278,0.479324,-1.06645,10.154118,-29.846613,-58.858566,0
9.233343,-1.214278,0.479324,-1.06645,10.154118,-29.846613,-58.858566,0
9.266677,-1.22119,0.503555,-1.063801,10.497818,-28.946661,-58.677086,0
9.300011,-1.22119,0.503555,-1.063801,10.497818,-28.946661,-58.677086,0
9.333344,-1.224032,0.528191,-1.061191,10.426202,-29.695864,-57.342476,0
9.366678,-1.220055,0.550129,-1.061355,9.914754,-29.587852,-58.182938,0
9.400012,-1.220055,0.550129,-1.061355,9.914754,-29.587852,-58.182938,0
9.500013,-1.211534,0.586784,-1.06351,6.935034,-27.922386,-58.984539,0
9.533347,-1.211534,0.586784,-1.06351,6.935034,-27.922386,-58.984539,0
9.566681,-1.206331,0.61525,-1.066492,6.408273,-25.936829,-60.135456,0
9.600015,-1.206331,0.61525,-1.066492,6.408273,-25.936829,-60.135456,0
9.633348,-1.201703,0.645309,-1.069148,5.120268,-23.921637,-61.739662,0
9.666682,-1.200176,0.660021,-1.069715,5.03075,-23.169338,-63.04829,0
9.700016,-1.200176,0.660021,-1.069715,5.03075,-23.169338,-63.04829,0
9.73335,-1.198375,0.68921,-1.069211,4.73434,-22.827385,-65.09729,0
9.766684,-1.198375,0.68921,-1.069211,4.73434,-22.827385,-65.09729,0
9.800017,-1.19919,0.71589,-1.068705,4.850769,-23.962946,-67.44001,0
9.833351,-1.19919,0.71589,-1.068705,4.850769,-23.962946,-67.44001,0
9.866685,-1.199947,0.739076,-1.067418,5.237228,-25.017212,-69.394966,0
9.900019,-1.199947,0.739076,-1.067418,5.237228,-25.017212,-69.394966,0
9.933352,-1.19733,0.759793,-1.068069,5.424286,-25.077353,-71.430786,0
9.966686,-1.195053,0.769755,-1.06862,5.666192,-25.271206,-72.41684,0
10.00002,-1.195053,0.769755,-1.06862,5.666192,-25.271206,-72.41684,0
10.033354,-1.18865,0.787882,-1.067593,5.36944,-25.982141,-73.562363,0
10.066688,-1.18865,0.787882,-1.067593,5.36944,-25.982141,-73.562363,0
10.100021,-1.178122,0.800385,-1.061518,3.952454,-26.545952,-72.620018,0
10.133355,-1.178122,0.800385,-1.061518,3.952454,-26.545952,-72.620018,0
10.166689,-1.165073,0.807169,-1.055753,2.611764,-26.435631,-71.095901,0
10.200023,-1.152053,0.8126,-1.052865,2.293321,-25.957634,-71.669777,0
10.233356,-1.152053,0.8126,-1.052865,2.293321,-25.957634,-71.669777,0
10.26669,-1.14533,0.815187,-1.052998,2.405843,-26.245697,-72.348328,0
10.300024,-1.14533,0.815187,-1.052998,2.405843,-26.245697,-72.348328,0
10.333358,-1.130653,0.820149,-1.056784,2.771818,-26.182068,-73.707138,0
10.366692,-1.130653,0.820149,-1.056784,2.771818,-26.182068,-73.707138,0
10.400025,-1.113049,0.824777,-1.066284,2.681898,-26.015007,-75.227867,0
10.433359,-1.113049,0.824777,-1.066284,2.681898,-26.015007,-75.227867,0
10.466693,-1.091561,0.82881,-1.080475,2.406472,-25.39786,-77.54863,0
10.500027,-1.067238,0.832808,-1.099054,2.816961,-25.21121,-80.014198,0
10.53336,-1.067238,0.832808,-1.099054,2.816961,-25.21121,-80.014198,0
10.633362,-1.026464,0.841965,-1.13434,3.202094,-26.789516,-82.178207,0
10.666696,-1.026464,0.841965,-1.13434,3.202094,-26.789516,-82.178207,0
10.700029,-0.997826,0.849271,-1.165351,4.607421,-26.871704,-82.9674,0
10.733363,-0.997826,0.849271,-1.165351,4.607421,-26.871704,-82.9674,0
10.766697,-0.969189,0.855075,-1.199016,5.710287,-26.599876,-83.513481,0
10.800031,-0.954884,0.857436,-1.214925,5.006252,-26.101156,-82.709694,0
10.833364,-0.954884,0.857436,-1.214925,5.006252,-26.101156,-82.709694,0
10.866698,-0.911329,0.855559,-1.24828,6.143694,-26.610409,-82.911133,0
10.900032,-0.911329,0.855559,-1.24828,6.143694,-26.610409,-82.911133,0
10.933366,-0.872103,0.859472,-1.282039,3.833872,-24.150995,-79.644753,0
10.9667,-0.872103,0.859472,-1.282039,3.833872,-24.150995,-79.644753,0
11.000033,-0.845385,0.870161,-1.312537,1.829114,-24.038692,-78.862053,0
11.033367,-0.827458,0.88487,-1.342969,0.965085,-24.252586,-81.314468,0
11.066701,-0.827458,0.88487,-1.342969,0.965085,-24.252586,-81.314468,0
11.100035,-0.821351,0.889207,-1.357955,0.679447,-24.309448,-81.586807,0
11.133368,-0.821351,0.889207,-1.357955,0.679447,-24.309448,-81.586807,0
11.166702,-0.811705,0.89535,-1.385585,0.043556,-23.910763,-82.6884,0
11.200036,-0.811705,0.89535,-1.385585,0.043556,-23.910763,-82.6884,0
11.23337,-0.800992,0.893929,-1.408486,0.224596,-24.93152,-82.254318,0
11.266704,-0.800992,0.893929,-1.408486,0.224596,-24.93152,-82.254318,0
11.300037,-0.78507,0.886002,-1.429066,0.47986,-28.523865,-81.155937,0
11.333371,-0.776968,0.870282,-1.447781,3.605713,-31.482286,-77.852783,0
11.366705,-0.776968,0.870282,-1.447781,3.605713,-31.482286,-77.852783,0
11.400039,-0.773911,0.861579,-1.454637,4.19736,-32.050232,-76.604774,0
11.433372,-0.773911,0.861579,-1.454637,4.19736,-32.050232,-76.604774,0
11.466706,-0.769388,0.835116,-1.473825,3.313674,-36.644012,-76.230057,0
11.50004,-0.769388,0.835116,-1.473825,3.313674,-36.644012,-76.230057,0
11.533374,-0.754916,0.801702,-1.502042,-1.576633,-38.413967,-74.352791,0
11.566708,-0.754916,0.801702,-1.502042,-1.576633,-38.413967,-74.352791,0
11.600041,-0.741551,0.764662,-1.535256,-5.594363,-40.36652,-75.361191,0
11.633375,-0.735028,0.74858,-1.550071,-6.783725,-42.970329,-75.50367,0
11.666709,-0.735028,0.74858,-1.550071,-6.783725,-42.970329,-75.50367,0
11.700043,-0.724258,0.718086,-1.579153,-9.32429,-46.810482,-74.431229,0
11.733377,-0.724258,0.718086,-1.579153,-9.32429,-46.810482,-74.431229,0
11.76671,-0.718601,0.694256,-1.61082,-10.532028,-50.465137,-71.115471,0
11.800044,-0.718601,0.694256,-1.61082,-10.532028,-50.465137,-71.115471,0
11.833378,-0.716175,0.675174,-1.637004,-12.474627,-53.283657,-68.263985,0
11.866712,-0.71278,0.664191,-1.656798,-15.225604,-54.447781,-64.819199,0
11.900045,-0.71278,0.664191,-1.656798,-15.225604,-54.447781,-64.819199,0
11.933379,-0.710611,0.661706,-1.664149,-15.803064,-54.589348,-63.532047,0
11.966713,-0.710611,0.661706,-1.664149,-15.803064,-54.589348,-63.532047,0
12.000047,-0.702405,0.658674,-1.676485,-16.413317,-52.958359,-63.030525,0
12.033381,-0.702405,0.658674,-1.676485,-16.413317,-52.958359,-63.030525,0
12.066714,-0.689965,0.659717,-1.680561,-15.010637,-52.636013,-65.885979,0
12.100048,-0.689965,0.659717,-1.680561,-15.010637,-52.636013,-65.885979,0
12.133382,-0.671641,0.661421,-1.676023,-14.598962,-52.588978,-69.972031,0
12.166716,-0.671641,0.661421,-1.676023,-14.598962,-52.588978,-69.972031,0
12.200049,-0.649924,0.664203,-1.662655,-12.716234,-51.793209,-75.913208,0
12.233383,-0.637124,0.666544,-1.65277,-12.586106,-51.755486,-78.982094,0
12.266717,-0.637124,0.666544,-1.65277,-12.586106,-51.755486,-78.982094,0
12.366718,-0.579487,0.679103,-1.603061,-13.169547,-54.082039,-85.957603,0
12.400052,-0.579487,0.679103,-1.603061,-13.169547,-54.082039,-85.957603,0
12.433386,-0.54911,0.684599,-1.576633,-12.368091,-55.351101,-87.344849,0
12.46672,-0.54911,0.684599,-1.576633,-12.368091,-55.351101,-87.344849,0
12.500053,-0.519652,0.691709,-1.548836,-5.876654,-57.537258,-93.030678,0
12.533387,-0.491191,0.697019,-1.521725,3.454184,-59.274147,-101.545677,0
12.566721,-0.491191,0.697019,-1.521725,3.454184,-59.274147,-101.545677,0
12.600055,-0.47791,0.698436,-1.508805,6.613074,-59.551105,-105.743057,0
12.633389,-0.47791,0.698436,-1.508805,6.613074,-59.551105,-105.743057,0
12.666722,-0.455655,0.696204,-1.485519,10.816428,-57.495411,-112.994301,0
12.700056,-0.455655,0.696204,-1.485519,10.816428,-57.495411,-112.994301,0
12.73339,-0.434642,0.686381,-1.471595,10.863164,-52.959747,-115.031593,0
12.766724,-0.434642,0.686381,-1.471595,10.863164,-52.959747,-115.031593,0
12.800057,-0.414099,0.672975,-1.464253,7.175676,-47.064083,-114.827126,0
12.833391,-0.414099,0.672975,-1.464253,7.175676,-47.064083,-114.827126,0
12.866725,-0.393968,0.655191,-1.458578,5.569803,-42.767445,-116.132416,0
12.900059,-0.375388,0.634286,-1.450677,5.332245,-39.455379,-116.977966,0
12.933393,-0.375388,0.634286,-1.450677,5.332245,-39.455379,-116.977966,0
12.966726,-0.367565,0.623583,-1.445029,6.172938,-38.032467,-117.397804,0
13.00006,-0.367565,0.623583,-1.445029,6.172938,-38.032467,-117.397804,0
13.033394,-0.35302,0.6004,-1.432378,7.728167,-37.732174,-117.98893,0
13.066728,-0.35302,0.6004,-1.432378,7.728167,-37.732174,-117.98893,0
13.100061,-0.343152,0.576259,-1.42036,9.031028,-37.507389,-118.067055,0
13.133395,-0.336443,0.551091,-1.408908,10.890866,-35.244621,-120.072639,0
13.166729,-0.336443,0.551091,-1.408908,10.890866,-35.244621,-120.072639,0
13.200063,-0.332863,0.540185,-1.40469,12.534296,-33.765198,-121.46772,0
13.233397,-0.332863,0.540185,-1.40469,12.534296,-33.765198,-121.46772,0
13.26673,-0.323306,0.52036,-1.399513,14.706404,-33.8764,-125.30883,0
13.300064,-0.323306,0.52036,-1.399513,14.706404,-33.8764,-125.30883,0
13.333398,-0.318914,0.505724,-1.393319,17.204662,-35.709038,-129.060928,0
13.366732,-0.318914,0.505724,-1.393319,17.204662,-35.709038,-129.060928,0
13.400065,-0.313943,0.488197,-1.390135,15.100943,-31.944998,-128.726746,0
13.433399,-0.305708,0.476935,-1.386713,13.052869,-27.920071,-127.480721,0
13.466733,-0.305708,0.476935,-1.386713,13.052869,-27.920071,-127.480721,0
13.500067,-0.300823,0.472473,-1.385529,12.186099,-26.66016,-127.008881,0
13.533401,-0.300823,0.472473,-1.385529,12.186099,-26.66016,-127.008881,0
13.566734,-0.291794,0.464109,-1.382702,10.972043,-26.703709,-127.566643,0
13.600068,-0.291794,0.464109,-1.382702,10.972043,-26.703709,-127.566643,0
13.633402,-0.285079,0.457481,-1.379639,9.470959,-25.572016,-128.052933,0
13.666736,-0.285079,0.457481,-1.379639,9.470959,-25.572016,-128.052933,0
13.700069,-0.279405,0.45492,-1.377443,7.726665,-22.390383,-128.188919,0
13.733403,-0.270888,0.451566,-1.374172,6.498477,-20.307095,-128.233231,0
13.766737,-0.270888,0.451566,-1.374172,6.498477,-20.307095,-128.233231,0
13.800071,-0.268374,0.447084,-1.37232,5.183138,-20.668943,-126.554413,0
13.833405,-0.268374,0.447084,-1.37232,5.183138,-20.668943,-126.554413,0
13.866738,-0.267008,0.437462,-1.368431,3.7733,-23.832455,-127.135483,0
13.900072,-0.267008,0.437462,-1.368431,3.7733,-23.832455,-127.135483,0
13.96674,-0.264125,0.421258,-1.36719,2.98255,-17.516661,-126.584915,0
14.000073,-0.264125,0.421258,-1.36719,2.98255,-17.516661,-126.584915,0
14.033407,-0.261302,0.420736,-1.36685,3.638811,-15.185634,-126.78582,0
14.066741,-0.261302,0.420736,-1.36685,3.638811,-15.185634,-126.78582,0
14.100075,-0.256636,0.423958,-1.36759,6.493099,-10.998045,-128.146957,0
14.133409,-0.256636,0.423958,-1.36759,6.493099,-10.998045,-128.146957,0
14.166742,-0.251441,0.428665,-1.36883,6.792151,-9.695802,-129.869461,0
14.200076,-0.251441,0.428665,-1.36883,6.792151,-9.695802,-129.869461,0
14.23341,-0.245763,0.432035,-1.36978,4.626769,-11.386464,-129.794876,0
14.266744,-0.240124,0.433472,-1.374358,3.537719,-13.34457,-129.062958,0
14.300077,-0.240124,0.433472,-1.374358,3.537719,-13.34457,-129.062958,0
14.333411,-0.237077,0.433245,-1.378618,3.979661,-13.382778,-128.782639,0
14.366745,-0.237077,0.433245,-1.378618,3.979661,-13.382778,-128.782639,0
14.400079,-0.226538,0.428869,-1.385295,7.179211,-12.394956,-129.261902,0
14.433413,-0.226538,0.428869,-1.385295,7.179211,-12.394956,-129.261902,0
14.466746,-0.210534,0.420444,-1.3878,9.037934,-10.655484,-129.839722,0
14.50008,-0.210534,0.420444,-1.3878,9.037934,-10.655484,-129.839722,0
14.533414,-0.194437,0.413061,-1.385887,7.204994,-9.739501,-130.091034,0
14.566748,-0.195212,0.409934,-1.381815,5.979909,-8.583703,-130.069778,0
14.600081,-0.195212,0.409934,-1.381815,5.979909,-8.583703,-130.069778,0
14.633415,-0.200934,0.408774,-1.373946,5.177919,-8.748106,-131.475281,0
14.666749,-0.200934,0.408774,-1.373946,5.177919,-8.748106,-131.475281,0
14.700083,-0.214992,0.407026,-1.3449,0.093455,-10.13736,-132.518036,0
14.733417,-0.214992,0.407026,-1.3449,0.093455,-10.13736,-132.518036,0
14.76675,-0.232989,0.410035,-1.306567,-7.933967,-13.538902,-133.65094,0
14.800084,-0.232989,0.410035,-1.306567,-7.933967,-13.538902,-133.65094,0
14.833418,-0.248826,0.412955,-1.262556,-14.45876,-20.254938,-134.298553,0
14.866752,-0.259779,0.413751,-1.221215,-13.518787,-26.10479,-132.157028,0
14.900085,-0.259779,0.413751,-1.221215,-13.518787,-26.10479,-132.157028,0
14.933419,-0.262598,0.416458,-1.20301,-12.012072,-28.729462,-130.952774,0
14.966753,-0.262598,0.416458,-1.20301,-12.012072,-28.729462,-130.952774,0
15.000087,-0.270933,0.431293,-1.172275,-14.348042,-32.158436,-128.573578,0
15.033421,-0.270933,0.431293,-1.172275,-14.348042,-32.158436,-128.573578,0
15.066754,-0.276222,0.452073,-1.152027,-19.326841,-33.469204,-126.753418,0
15.100088,-0.276222,0.452073,-1.152027,-19.326841,-33.469204,-126.753418,0
15.166756,-0.277917,0.482154,-1.134831,-16.961744,-35.83205,-124.411018,0
15.200089,-0.277917,0.482154,-1.134831,-16.961744,-35.83205,-124.411018,0
15.233423,-0.271957,0.499627,-1.122199,-13.993033,-40.791679,-121.676811,0
15.266757,-0.271957,0.499627,-1.122199,-13.993033,-40.791679,-121.676811,0
15.300091,-0.264971,0.516206,-1.10962,-12.784688,-46.231491,-117.843185,0
15.333425,-0.264971,0.516206,-1.10962,-12.784688,-46.231491,-117.843185,0
15.366758,-0.260009,0.529465,-1.100679,-12.066855,-49.687775,-114.071472,0
15.400092,-0.25908,0.539152,-1.094697,-10.634631,-51.363369,-113.044106,0
15.433426,-0.25908,0.539152,-1.094697,-10.634631,-51.363369,-113.044106,0
15.46676,-0.260794,0.543557,-1.090985,-10.681561,-52.050465,-112.570961,0
15.500093,-0.260794,0.543557,-1.090985,-10.681561,-52.050465,-112.570961,0
15.533427,-0.265126,0.551396,-1.081636,-12.017682,-52.955429,-111.526527,0
15.566761,-0.265126,0.551396,-1.081636,-12.017682,-52.955429,-111.526527,0
15.600095,-0.270697,0.556777,-1.071595,-11.983726,-52.904503,-111.47345,0
15.633429,-0.270697,0.556777,-1.071595,-11.983726,-52.904503,-111.47345,0
15.666762,-0.276399,0.561047,-1.063951,-9.399497,-53.524513,-114.06768,0
15.73343,-0.281066,0.565021,-1.059728,-5.863131,-55.587765,-117.867531,0
15.766764,-0.284118,0.566094,-1.058251,-1.83499,-57.903698,-120.299667,0
15.800097,-0.284118,0.566094,-1.058251,-1.83499,-57.903698,-120.299667,0
15.900099,-0.28873,0.56746,-1.057713,4.399279,-61.730541,-125.913986,0
15.933433,-0.28873,0.56746,-1.057713,4.399279,-61.730541,-125.913986,0
15.966766,-0.286937,0.561861,-1.059009,8.303489,-61.996162,-127.908684,0
16.000099,-0.286937,0.561861,-1.059009,8.303489,-61.996162,-127.908684,0
16.033432,-0.283082,0.55528,-1.059856,9.471055,-61.579411,-126.737419,0
16.066765,-0.283082,0.55528,-1.059856,9.471055,-61.579411,-126.737419,0
16.100098,-0.28067,0.551722,-1.059053,6.987921,-60.791138,-123.199776,0
16.13343,-0.28067,0.551722,-1.059053,6.987921,-60.791138,-123.199776,0
16.166763,-0.280127,0.549808,-1.056072,2.386273,-59.458561,-119.513084,0
16.200096,-0.281122,0.54751,-1.054225,-0.067015,-57.986889,-119.01693,0
16.233429,-0.281122,0.54751,-1.054225,-0.067015,-57.986889,-119.01693,0
16.266762,-0.284374,0.542329,-1.053717,2.384566,-55.411011,-121.33239,0
16.300095,-0.284374,0.542329,-1.053717,2.384566,-55.411011,-121.33239,0
16.333427,-0.285495,0.53891,-1.053363,3.930855,-53.850155,-122.86467,0
16.36676,-0.285495,0.53891,-1.053363,3.930855,-53.850155,-122.86467,0
16.400093,-0.289112,0.532506,-1.050856,4.3531,-50.837128,-124.792908,0
16.433426,-0.289112,0.532506,-1.050856,4.3531,-50.837128,-124.792908,0
16.466759,-0.293867,0.528568,-1.049584,2.593711,-48.898609,-125.530785,0
16.500092,-0.293867,0.528568,-1.049584,2.593711,-48.898609,-125.530785,0
16.533424,-0.297327,0.524846,-1.052572,1.859738,-46.544651,-126.285408,0
16.566757,-0.300281,0.522754,-1.058313,2.517699,-42.98613,-129.075806,0
16.60009,-0.300281,0.522754,-1.058313,2.517699,-42.98613,-129.075806,0
16.633423,-0.302551,0.522399,-1.06096,3.025255,-41.180782,-131.045731,0
16.666756,-0.302551,0.522399,-1.06096,3.025255,-41.180782,-131.045731,0
16.700089,-0.308175,0.522473,-1.06668,4.575164,-37.460022,-136.510788,0
16.733421,-0.308175,0.522473,-1.06668,4.575164,-37.460022,-136.510788,0
16.766754,-0.299692,0.514612,-1.077992,6.271261,-34.611687,-141.730835,0
16.800087,-0.297673,0.513867,-1.086296,8.832149,-33.162754,-146.745422,0
16.83342,-0.297673,0.513867,-1.086296,8.832149,-33.162754,-146.745422,0
16.866753,-0.296693,0.514337,-1.090324,9.706368,-32.851463,-149.546494,0
16.900085,-0.296693,0.514337,-1.090324,9.706368,-32.851463,-149.546494,0
16.933418,-0.287209,0.518548,-1.100359,10.33694,-28.310976,-150.870895,0
16.966751,-0.287209,0.518548,-1.100359,10.33694,-28.310976,-150.870895,0
17.033417,-0.281436,0.515242,-1.110532,8.826622,-23.431974,-156.712051,0
17.06675,-0.281436,0.515242,-1.110532,8.826622,-23.431974,-156.712051,0
17.100082,-0.278549,0.508616,-1.112204,10.738053,-21.886494,-156.315506,0
17.133415,-0.278549,0.508616,-1.112204,10.738053,-21.886494,-156.315506,0
17.166748,-0.272585,0.490619,-1.122821,13.559727,-17.302481,-156.599335,0
17.200081,-0.272585,0.490619,-1.122821,13.559727,-17.302481,-156.599335,0
17.233414,-0.273237,0.477071,-1.128011,11.841895,-18.382101,-158.352585,0
17.266747,-0.273549,0.46432,-1.129,6.842876,-22.179289,-159.41626,0
17.300079,-0.273549,0.46432,-1.129,6.842876,-22.179289,-159.41626,0
17.333412,-0.273979,0.457855,-1.127762,3.93975,-24.899502,-158.743805,0
17.366745,-0.273979,0.457855,-1.127762,3.93975,-24.899502,-158.743805,0
17.400078,-0.272465,0.437945,-1.120805,-2.761352,-31.096853,-155.487122,0
17.433411,-0.272465,0.437945,-1.120805,-2.761352,-31.096853,-155.487122,0
17.466743,-0.270906,0.42037,-1.11112,-8.702889,-37.010574,-153.40863,0
17.500076,-0.27257,0.404782,-1.105494,-9.308208,-37.575771,-153.271378,0
17.533409,-0.27257,0.404782,-1.105494,-9.308208,-37.575771,-153.271378,0
17.566742,-0.274007,0.399751,-1.102929,-7.009833,-37.679291,-154.846115,0
17.600075,-0.274007,0.399751,-1.102929,-7.009833,-37.679291,-154.846115,0
17.633408,-0.272332,0.391351,-1.099235,-4.860477,-37.532322,-158.083771,0
17.66674,-0.272332,0.391351,-1.099235,-4.860477,-37.532322,-158.083771,0
17.700073,-0.272883,0.387298,-1.095215,-3.378633,-38.055027,-160.962112,0
17.733406,-0.274094,0.385878,-1.092175,-3.225342,-37.172756,-165.156769,0
17.766739,-0.274094,0.385878,-1.092175,-3.225342,-37.172756,-165.156769,0
17.800072,-0.273969,0.384849,-1.091835,-2.960053,-36.592644,-167.547867,0
17.833405,-0.273969,0.384849,-1.091835,-2.960053,-36.592644,-167.547867,0
17.866737,-0.26758,0.377758,-1.093003,-1.856812,-36.860596,-171.217224,0
17.90007,-0.26758,0.377758,-1.093003,-1.856812,-36.860596,-171.217224,0
17.933403,-0.265167,0.368295,-1.092973,-2.324799,-35.718258,-174.106369,0
17.966736,-0.269515,0.356044,-1.088141,-2.324372,-34.819126,-174.897308,0
18.000069,-0.269515,0.356044,-1.088141,-2.324372,-34.819126,-174.897308,0
18.033401,-0.275088,0.348258,-1.083276,-2.83493,-34.789265,-174.5504,0
18.066734,-0.275088,0.348258,-1.083276,-2.83493,-34.789265,-174.5504,0
18.100067,-0.289049,0.32985,-1.071054,-5.518008,-34.784389,-172.969803,0
18.1334,-0.306726,0.312205,-1.05505,-7.227272,-34.7901,-172.013748,0
18.166733,-0.306726,0.312205,-1.05505,-7.227272,-34.7901,-172.013748,0
18.200066,-0.316132,0.303434,-1.04685,-7.577859,-34.194878,-171.238647,0
18.233398,-0.316132,0.303434,-1.04685,-7.577859,-34.194878,-171.238647,0
18.266731,-0.33389,0.286232,-1.029646,-8.013192,-32.193993,-169.100677,0
18.300064,-0.33389,0.286232,-1.029646,-8.013192,-32.193993,-169.100677,0
18.333397,-0.349142,0.273563,-1.008064,-8.402079,-30.745363,-167.433411,0
18.36673,-0.360252,0.263996,-0.981939,-10.163801,-28.889219,-165.214539,0
18.400063,-0.360252,0.263996,-0.981939,-10.163801,-28.889219,-165.214539,0
18.433395,-0.36485,0.260349,-0.968158,-10.835189,-27.991138,-164.896484,0
18.466728,-0.36485,0.260349,-0.968158,-10.835189,-27.991138,-164.896484,0
18.500061,-0.372862,0.252583,-0.941169,-10.848465,-25.981745,-164.37323,0
18.533394,-0.378899,0.24272,-0.917185,-10.667678,-22.535879,-164.454041,0
18.566727,-0.378899,0.24272,-0.917185,-10.667678,-22.535879,-164.454041,0
18.60006,-0.3815,0.229049,-0.8991,-10.577497,-19.754238,-164.640778,0
18.633392,-0.3815,0.229049,-0.8991,-10.577497,-19.754238,-164.640778,0
18.666725,-0.380922,0.221223,-0.892837,-10.212569,-18.681147,-164.726593,0
18.700058,-0.380922,0.221223,-0.892837,-10.212569,-18.681147,-164.726593,0
18.733391,-0.37598,0.203283,-0.889149,-10.723955,-16.309139,-164.905258,0
18.766724,-0.366149,0.18428,-0.901411,-9.919538,-14.338226,-165.112839,0
18.800056,-0.366149,0.18428,-0.901411,-9.919538,-14.338226,-165.112839,0
18.833389,-0.358881,0.177186,-0.913693,-8.598,-13.016045,-165.59288,0
18.866722,-0.358881,0.177186,-0.913693,-8.598,-13.016045,-165.59288,0
18.900055,-0.340804,0.167362,-0.947243,-6.345556,-10.456664,-166.662964,0
18.933388,-0.340804,0.167362,-0.947243,-6.345556,-10.456664,-166.662964,0
18.966721,-0.319967,0.163063,-0.985843,-4.220552,-9.181639,-168.344788,0
19.000053,-0.298451,0.160518,-1.025532,-2.805206,-9.241055,-169.529938,0
19.033386,-0.298451,0.160518,-1.025532,-2.805206,-9.241055,-169.529938,0
19.066719,-0.288358,0.159432,-1.04444,-2.272248,-9.999847,-170.019455,0
19.100052,-0.288358,0.159432,-1.04444,-2.272248,-9.999847,-170.019455,0
19.133385,-0.270875,0.158746,-1.079054,-1.355316,-12.308621,-170.797333,0
19.166718,-0.25881,0.157025,-1.110531,-1.441772,-14.260799,-170.518906,0
19.20005,-0.25881,0.157025,-1.110531,-1.441772,-14.260799,-170.518906,0
19.233383,-0.251008,0.154652,-1.136573,-1.444366,-16.423128,-169.89296,0
19.266716,-0.251008,0.154652,-1.136573,-1.444366,-16.423128,-169.89296,0
19.300049,-0.248386,0.154003,-1.146732,-1.650055,-18.151917,-169.943848,0
19.333382,-0.248386,0.154003,-1.146732,-1.650055,-18.151917,-169.943848,0
19.366714,-0.244608,0.151886,-1.159596,-4.225161,-23.934204,-170.313934,0
19.400047,-0.241331,0.148673,-1.165345,-8.65452,-31.867243,-169.787354,0
19.43338,-0.241331,0.148673,-1.165345,-8.65452,-31.867243,-169.787354,0
19.466713,-0.240329,0.147415,-1.167142,-10.50517,-35.607906,-169.373322,0
19.500046,-0.240329,0.147415,-1.167142,-10.50517,-35.607906,-169.373322,0
19.533379,-0.240496,0.144683,-1.169338,-14.323782,-41.258965,-167.42569,0
19.566711,-0.240496,0.144683,-1.169338,-14.323782,-41.258965,-167.42569,0
19.600044,-0.243007,0.142993,-1.1694,-17.791599,-44.438675,-164.638458,0
19.633377,-0.248056,0.141813,-1.167845,-20.671591,-45.817455,-161.907242,0
19.66671,-0.248056,0.141813,-1.167845,-20.671591,-45.817455,-161.907242,0
19.700043,-0.25642,0.14104,-1.166626,-21.435043,-46.410328,-160.053528,0
19.733376,-0.25642,0.14104,-1.166626,-21.435043,-46.410328,-160.053528,0
19.766708,-0.260961,0.140477,-1.165688,-22.102343,-47.131519,-158.780258,0
19.800041,-0.260961,0.140477,-1.165688,-22.102343,-47.131519,-158.780258,0
19.833374,-0.267997,0.139225,-1.162857,-25.653236,-50.727833,-154.595352,0
19.866707,-0.267997,0.139225,-1.162857,-25.653236,-50.727833,-154.595352,0
19.90004,-0.275357,0.137301,-1.160412,-30.716499,-54.661758,-148.835968,0
19.933372,-0.285112,0.135183,-1.159772,-34.802017,-56.998993,-143.575562,0
19.966705,-0.285112,0.135183,-1.159772,-34.802017,-56.998993,-143.575562,0
20.000038,-0.294625,0.134298,-1.159607,-37.535503,-58.632015,-139.463898,0
20.033371,-0.294625,0.134298,-1.159607,-37.535503,-58.632015,-139.463898,0
20.066704,-0.299446,0.133529,-1.15957,-38.429932,-58.989853,-137.808228,0
20.100037,-0.299446,0.133529,-1.15957,-38.429932,-58.989853,-137.808228,0
20.133369,-0.30856,0.131972,-1.158395,-40.31498,-60.25555,-135.161209,0
20.166702,-0.30856,0.131972,-1.158395,-40.31498,-60.25555,-135.161209,0
20.200035,-0.316607,0.128786,-1.153869,-43.253078,-61.481186,-131.682266,0
20.233368,-0.316607,0.128786,-1.153869,-43.253078,-61.481186,-131.682266,0
20.266701,-0.322187,0.124548,-1.146901,-47.943775,-62.105255,-126.175224,0
20.300034,-0.322187,0.124548,-1.146901,-47.943775,-62.105255,-126.175224,0
20.333366,-0.324927,0.120003,-1.139401,-51.879467,-61.635883,-121.043701,0
20.366699,-0.324846,0.115717,-1.133066,-54.739456,-61.564281,-118.22924,0
20.400032,-0.324846,0.115717,-1.133066,-54.739456,-61.564281,-118.22924,0
20.433365,-0.32054,0.109716,-1.128208,-58.430012,-62.150871,-115.482903,0
20.466698,-0.32054,0.109716,-1.128208,-58.430012,-62.150871,-115.482903,0
20.500031,-0.313536,0.102818,-1.124307,-61.877392,-62.326492,-112.609222,0
20.533363,-0.313536,0.102818,-1.124307,-61.877392,-62.326492,-112.609222,0
20.566696,-0.309236,0.098508,-1.122778,-62.486202,-62.139957,-112.279785,0
20.600029,-0.309236,0.098508,-1.122778,-62.486202,-62.139957,-112.279785,0
20.633362,-0.298456,0.088815,-1.119145,-62.984386,-61.635864,-112.253761,0
20.666695,-0.298456,0.088815,-1.119145,-62.984386,-61.635864,-112.253761,0
20.700027,-0.284169,0.076862,-1.114317,-63.645332,-61.47073,-112.987411,0
20.73336,-0.284169,0.076862,-1.114317,-63.645332,-61.47073,-112.987411,0
20.766693,-0.268471,0.063169,-1.108411,-64.508377,-61.071095,-114.177979,0
20.800026,-0.268471,0.063169,-1.108411,-64.508377,-61.071095,-114.177979,0
20.833359,-0.252916,0.047808,-1.101551,-63.600834,-60.215416,-116.587502,0
20.866692,-0.252916,0.047808,-1.101551,-63.600834,-60.215416,-116.587502,0
20.900024,-0.236345,0.031403,-1.094354,-63.216759,-59.590118,-118.523254,0
20.933357,-0.217203,0.014279,-1.087146,-65.340172,-59.165062,-118.052574,0
20.96669,-0.217203,0.014279,-1.087146,-65.340172,-59.165062,-118.052574,0
21.000023,-0.197335,-0.00243,-1.080817,-67.545746,-58.808159,-117.400688,0
21.033356,-0.197335,-0.00243,-1.080817,-67.545746,-58.808159,-117.400688,0
21.066689,-0.187026,-0.010169,-1.078041,-68.150681,-58.478245,-117.681725,0
21.100021,-0.187026,-0.010169,-1.078041,-68.150681,-58.478245,-117.681725,0
21.133354,-0.167713,-0.024542,-1.073244,-66.399834,-57.838081,-120.291412,0
21.166687,-0.167713,-0.024542,-1.073244,-66.399834,-57.838081,-120.291412,0
21.20002,-0.150504,-0.036502,-1.069867,-63.539032,-57.224987,-124.519775,0
21.233353,-0.150504,-0.036502,-1.069867,-63.539032,-57.224987,-124.519775,0
21.266685,-0.135603,-0.044771,-1.067199,-60.109917,-56.675503,-127.930313,0
21.300018,-0.135603,-0.044771,-1.067199,-60.109917,-56.675503,-127.930313,0
21.333351,-0.121498,-0.050484,-1.065983,-57.670193,-56.081074,-130.266769,0
21.366684,-0.108035,-0.054998,-1.064925,-53.962074,-55.365135,-133.21936,0
21.400017,-0.108035,-0.054998,-1.064925,-53.962074,-55.365135,-133.21936,0
21.43335,-0.093545,-0.061482,-1.063893,-49.216278,-53.902096,-137.839905,0
21.466682,-0.093545,-0.061482,-1.063893,-49.216278,-53.902096,-137.839905,0
21.566681,-0.073142,-0.07566,-1.062767,-39.178436,-50.212421,-147.677032,0
21.600014,-0.073142,-0.07566,-1.062767,-39.178436,-50.212421,-147.677032,0
21.700012,-0.038894,-0.104245,-1.061683,-31.66538,-46.894241,-157.694046,0
21.733345,-0.023546,-0.121503,-1.061366,-30.544437,-46.44347,-160.718338,0
21.766678,-0.023546,-0.121503,-1.061366,-30.544437,-46.44347,-160.718338,0
21.800011,-0.007536,-0.139781,-1.060423,-30.304459,-46.722599,-163.452896,0
21.833344,-0.007536,-0.139781,-1.060423,-30.304459,-46.722599,-163.452896,0
21.866676,-0.000298,-0.149477,-1.060609,-29.14654,-46.146683,-165.293594,0
21.900009,-0.000298,-0.149477,-1.060609,-29.14654,-46.146683,-165.293594,0
21.933342,0.011103,-0.169868,-1.061919,-25.933725,-43.652912,-169.285904,0
21.966675,0.011103,-0.169868,-1.061919,-25.933725,-43.652912,-169.285904,0
22.000008,0.022164,-0.189949,-1.063387,-22.763832,-42.611526,-173.095734,0
22.03334,0.033898,-0.211331,-1.063906,-22.715677,-43.096096,-174.659286,0
22.066673,0.033898,-0.211331,-1.063906,-22.715677,-43.096096,-174.659286,0
22.100006,0.044723,-0.232595,-1.062499,-23.630747,-43.085995,-174.989471,0
22.133339,0.044723,-0.232595,-1.062499,-23.630747,-43.085995,-174.989471,0
22.166672,0.050005,-0.242613,-1.060449,-24.433109,-43.051876,-174.552216,0
22.200005,0.050005,-0.242613,-1.060449,-24.433109,-43.051876,-174.552216,0
22.233337,0.0594,-0.261119,-1.055471,-25.261486,-42.88044,-174.034195,0
22.26667,0.0594,-0.261119,-1.055471,-25.261486,-42.88044,-174.034195,0
22.300003,0.068474,-0.27752,-1.05046,-25.430054,-42.952015,-174.081726,0
22.333336,0.068474,-0.27752,-1.05046,-25.430054,-42.952015,-174.081726,0
22.366669,0.075915,-0.292308,-1.046099,-24.398045,-41.777454,-175.64241,0
22.400002,0.082306,-0.306184,-1.042645,-22.298168,-40.153309,-178.196915,0
22.433334,0.082306,-0.306184,-1.042645,-22.298168,-40.153309,-178.196915,0
22.466667,0.087727,-0.319155,-1.039853,-20.612299,-38.597992,179.875885,0
22.5,0.087727,-0.319155,-1.039853,-20.612299,-38.597992,179.875885,0
22.533333,0.090066,-0.325619,-1.038287,-19.99966,-38.366756,179.308487,0
22.566666,0.090066,-0.325619,-1.038287,-19.99966,-38.366756,179.308487,0
22.599998,0.092642,-0.338053,-1.03466,-20.860617,-38.168118,178.857544,0
22.633331,0.092642,-0.338053,-1.03466,-20.860617,-38.168118,178.857544,0
22.666664,0.093818,-0.349351,-1.031622,-21.825237,-38.441299,179.138611,0
22.699997,0.091964,-0.360374,-1.030461,-22.651804,-38.112595,179.454269,0
22.73333,0.091964,-0.360374,-1.030461,-22.651804,-38.112595,179.454269,0
22.766663,0.090427,-0.365498,-1.030719,-22.41481,-37.896729,179.158005,0
22.799995,0.090427,-0.365498,-1.030719,-22.41481,-37.896729,179.158005,0
22.833328,0.086615,-0.375995,-1.032405,-21.557079,-36.64674,178.45047,0
22.866661,0.086615,-0.375995,-1.032405,-21.557079,-36.64674,178.45047,0
22.899994,0.081844,-0.385899,-1.034874,-21.5068,-34.920383,177.176987,0
22.933327,0.078241,-0.394462,-1.038197,-21.026052,-33.395012,176.538956,0
22.96666,0.078241,-0.394462,-1.038197,-21.026052,-33.395012,176.538956,0
22.999992,0.073219,-0.401018,-1.042183,-20.855705,-31.374691,175.803986,0
23.033325,0.073219,-0.401018,-1.042183,-20.855705,-31.374691,175.803986,0
23.066658,0.070723,-0.402732,-1.044329,-20.081968,-30.298731,174.8116,0
23.099991,0.070723,-0.402732,-1.044329,-20.081968,-30.298731,174.8116,0
23.133324,0.064504,-0.404834,-1.049327,-18.186655,-27.769901,173.08345,0
23.166656,0.06058,-0.404065,-1.053302,-16.25646,-24.871157,171.495132,0
23.199989,0.06058,-0.404065,-1.053302,-16.25646,-24.871157,171.495132,0
23.233322,0.058261,-0.402595,-1.05708,-14.367116,-23.034271,170.497665,0
23.266655,0.058261,-0.402595,-1.05708,-14.367116,-23.034271,170.497665,0
23.299988,0.055008,-0.400926,-1.058838,-13.919849,-23.003727,170.049942,0
23.333321,0.055008,-0.400926,-1.058838,-13.919849,-23.003727,170.049942,0
23.366653,0.051121,-0.399619,-1.058284,-15.92952,-26.668022,170.963608,0
23.399986,0.051121,-0.399619,-1.058284,-15.92952,-26.668022,170.963608,0
23.433319,0.049211,-0.398251,-1.052822,-20.549795,-33.998127,173.84816,0
23.466652,0.046473,-0.396271,-1.048889,-25.89039,-39.064388,178.009705,0
23.499985,0.046473,-0.396271,-1.048889,-25.89039,-39.064388,178.009705,0
23.533318,0.044914,-0.395314,-1.047606,-28.148554,-40.970604,179.868576,0
23.56665,0.044914,-0.395314,-1.047606,-28.148554,-40.970604,179.868576,0
23.599983,0.046508,-0.393093,-1.044274,-31.317799,-44.587246,-178.032333,0
23.633316,0.046508,-0.393093,-1.044274,-31.317799,-44.587246,-178.032333,0
23.666649,0.047724,-0.389402,-1.04219,-33.982967,-47.06995,-176.672226,0
23.699982,0.048022,-0.386256,-1.040971,-35.373936,-48.57095,-175.542953,0
23.733315,0.048022,-0.386256,-1.040971,-35.373936,-48.57095,-175.542953,0
23.766647,0.049227,-0.382021,-1.03836,-35.613155,-49.121262,-175.391953,0
23.79998,0.049227,-0.382021,-1.03836,-35.613155,-49.121262,-175.391953,0
23.833313,0.050003,-0.379868,-1.036577,-36.462261,-49.286057,-174.83403,0
23.866646,0.050003,-0.379868,-1.036577,-36.462261,-49.286057,-174.83403,0
23.899979,0.052839,-0.376954,-1.032637,-39.05983,-50.761204,-172.770752,0
23.933311,0.052839,-0.376954,-1.032637,-39.05983,-50.761204,-172.770752,0
23.966644,0.056311,-0.375533,-1.028785,-43.313778,-53.238918,-168.831482,0
23.999977,0.056311,-0.375533,-1.028785,-43.313778,-53.238918,-168.831482,0
24.03331,0.057983,-0.374502,-1.026525,-47.519623,-54.003429,-164.701309,0
24.066643,0.058809,-0.372626,-1.025491,-48.860126,-54.781052,-161.720245,0
24.099976,0.058809,-0.372626,-1.025491,-48.860126,-54.781052,-161.720245,0
24.133308,0.05993,-0.372077,-1.0258,-50.483997,-55.429043,-158.982132,0
24.166641,0.05993,-0.372077,-1.0258,-50.483997,-55.429043,-158.982132,0
24.199974,0.060967,-0.372881,-1.025861,-51.666367,-55.750317,-157.289902,0
24.233307,0.060967,-0.372881,-1.025861,-51.666367,-55.750317,-157.289902,0
24.26664,0.060981,-0.377221,-1.027231,-54.30476,-55.254856,-153.453201,0
24.399971,0.068796,-0.391179,-1.027653,-65.422348,-54.799953,-142.512253,0
24.433304,0.070818,-0.398008,-1.029217,-64.873322,-53.357956,-140.836136,0
24.466637,0.070818,-0.398008,-1.029217,-64.873322,-53.357956,-140.836136,0
24.499969,0.071851,-0.402868,-1.031407,-59.288921,-52.914715,-144.232635,0
24.533302,0.071851,-0.402868,-1.031407,-59.288921,-52.914715,-144.232635,0
24.566635,0.072718,-0.409545,-1.034746,-53.031441,-52.548573,-147.727325,0
24.599968,0.072718,-0.409545,-1.034746,-53.031441,-52.548573,-147.727325,0
24.633301,0.073653,-0.414363,-1.036006,-51.234772,-52.417702,-148.771027,0
24.666634,0.073653,-0.414363,-1.036006,-51.234772,-52.417702,-148.771027,0
24.699966,0.076816,-0.425342,-1.037059,-51.108578,-51.888126,-150.637085,0
24.733299,0.076816,-0.425342,-1.037059,-51.108578,-51.888126,-150.637085,0
24.766632,0.080338,-0.435314,-1.035838,-52.546921,-51.621136,-152.95607,0
24.799965,0.08056,-0.440721,-1.031959,-52.497761,-51.235043,-155.327805,0
24.833298,0.08056,-0.440721,-1.031959,-52.497761,-51.235043,-155.327805,0
24.866631,0.077545,-0.440527,-1.027956,-50.630802,-50.545399,-157.866257,0
24.899963,0.077545,-0.440527,-1.027956,-50.630802,-50.545399,-157.866257,0
24.933296,0.076467,-0.439133,-1.026791,-50.066044,-50.631367,-158.858658,0
24.966629,0.076467,-0.439133,-1.026791,-50.066044,-50.631367,-158.858658,0
24.999962,0.075228,-0.436325,-1.026272,-49.382935,-51.117828,-159.708176,0
25.033295,0.075228,-0.436325,-1.026272,-49.382935,-51.117828,-159.708176,0
25.066628,0.074406,-0.432363,-1.026945,-48.651081,-51.622555,-160.633835,0
25.09996,0.074406,-0.432363,-1.026945,-48.651081,-51.622555,-160.633835,0
25.133293,0.07195,-0.427262,-1.028152,-47.323402,-51.730156,-161.944534,0
25.166626,0.06913,-0.422778,-1.030069,-46.253601,-51.929531,-162.645569,0
25.199959,0.06913,-0.422778,-1.030069,-46.253601,-51.929531,-162.645569,0
25.233292,0.066005,-0.419664,-1.032502,-46.181522,-52.28838,-162.677414,0
25.266624,0.066005,-0.419664,-1.032502,-46.181522,-52.28838,-162.677414,0
25.299957,0.062836,-0.417806,-1.034415,-46.699116,-52.539917,-162.125671,0
25.33329,0.062836,-0.417806,-1.034415,-46.699116,-52.539917,-162.125671,0
25.366623,0.061285,-0.417045,-1.035111,-46.929798,-52.653625,-161.94693,0
25.399956,0.061285,-0.417045,-1.035111,-46.929798,-52.653625,-161.94693,0
